Workbook
Name Slicer_Establecimiento: #N/A
Name Slicer_Mes: #N/A
Name Slicer_Sector: #N/A

Sheet FILTRO
A1: Consolidado REM Serie A 2026
A2: Datos al 2026-09-09 12:34 UTC. Versión: Versión prueba
A3: Seleccione establecimiento, mes y sector. Consulte COBERTURA para interpretar la ausencia de datos.
B8: 1 | C8: 2 | D8: 3 | E8: 4 | F8: 5 | G8: 6 | H8: 7 | I8: 8 | J8: 9 | K8: 10 | L8: 11 | M8: 12 | N8: 13 | O8: 14 | P8: 15 | Q8: 16 | R8: 17 | S8: 18 | T8: 19 | U8: 20 | V8: 21 | W8: 22 | X8: 23 | Y8: 24 | Z8: 25 | AA8: 26 | AB8: 27 | AC8: 28 | AD8: 29 | AE8: 30 | AF8: 31 | AG8: 32 | AH8: 33 | AI8: 34 | AJ8: 35 | AK8: 36 | AL8: 37 | AM8: 38 | AN8: 39 | AO8: 40 | AP8: 41 | AQ8: 42 | AR8: 43 | AS8: 44 | AT8: 45 | AU8: 46 | AV8: 47 | AW8: 48
A9: Código | B9: Suma de valor.1 | C9: Suma de valor.2 | D9: Suma de valor.3 | E9: Suma de valor.4 | F9: Suma de valor.5 | G9: Suma de valor.6 | H9: Suma de valor.7 | I9: Suma de valor.8 | J9: Suma de valor.9 | K9: Suma de valor.10 | L9: Suma de valor.11 | M9: Suma de valor.12 | N9: Suma de valor.13 | O9: Suma de valor.14 | P9: Suma de valor.15 | Q9: Suma de valor.16 | R9: Suma de valor.17 | S9: Suma de valor.18 | T9: Suma de valor.19 | U9: Suma de valor.20 | V9: Suma de valor.21 | W9: Suma de valor.22 | X9: Suma de valor.23 | Y9: Suma de valor.24 | Z9: Suma de valor.25 | AA9: Suma de valor.26 | AB9: Suma de valor.27 | AC9: Suma de valor.28 | AD9: Suma de valor.29 | AE9: Suma de valor.30 | AF9: Suma de valor.31 | AG9: Suma de valor.32 | AH9: Suma de valor.33 | AI9: Suma de valor.34 | AJ9: Suma de valor.35 | AK9: Suma de valor.36 | AL9: Suma de valor.37 | AM9: Suma de valor.38 | AN9: Suma de valor.39 | AO9: Suma de valor.40 | AP9: Suma de valor.41 | AQ9: Suma de valor.42 | AR9: Suma de valor.43 | AS9: Suma de valor.44 | AT9: Suma de valor.45 | AU9: Suma de valor.46 | AV9: Suma de valor.47 | AW9: Suma de valor.48
A10: 001 | B10: 50 | C10: 8 | D10: 0 | E10: 0 | F10: 0 | G10: 0 | H10: 0 | I10: 0 | J10: 0 | K10: 0 | L10: 0 | M10: 0 | N10: 0 | O10: 0 | P10: 0 | Q10: 0 | R10: 0 | S10: 0 | T10: 0 | U10: 0 | V10: 0 | W10: 0 | X10: 0 | Y10: 0 | Z10: 0 | AA10: 0 | AB10: 0 | AC10: 0 | AD10: 0 | AE10: 0 | AF10: 0 | AG10: 0 | AH10: 0 | AI10: 0 | AJ10: 0 | AK10: 0 | AL10: 0 | AM10: 0 | AN10: 0 | AO10: 0 | AP10: 0 | AQ10: 0 | AR10: 0 | AS10: 0 | AT10: 0 | AU10: 12 | AV10: 14 | AW10: 16
A11: 002 | B11: 25 | C11: 4 | D11: 0 | E11: 0 | F11: 0 | G11: 0 | H11: 0 | I11: 0 | J11: 0 | K11: 0 | L11: 0 | M11: 0 | N11: 0 | O11: 0 | P11: 0 | Q11: 0 | R11: 0 | S11: 0 | T11: 0 | U11: 0 | V11: 0 | W11: 0 | X11: 0 | Y11: 0 | Z11: 0 | AA11: 0 | AB11: 0 | AC11: 0 | AD11: 0 | AE11: 0 | AF11: 0 | AG11: 0 | AH11: 0 | AI11: 0 | AJ11: 0 | AK11: 0 | AL11: 0 | AM11: 0 | AN11: 0 | AO11: 0 | AP11: 0 | AQ11: 0 | AR11: 0 | AS11: 0 | AT11: 0 | AU11: 6 | AV11: 7 | AW11: 8

Sheet A01
A11: 001 | B11: Prestación 001 | C11: =SUM(D11:AX11) -> 50 | D11: =IFERROR(VLOOKUP($A11,FILTRO!$A$10:$AW$11,3,FALSE),0) -> 8 | E11: =IFERROR(VLOOKUP($A11,FILTRO!$A$10:$AW$11,4,FALSE),0) -> 0 | F11: =IFERROR(VLOOKUP($A11,FILTRO!$A$10:$AW$11,5,FALSE),0) -> 0 | G11: =IFERROR(VLOOKUP($A11,FILTRO!$A$10:$AW$11,6,FALSE),0) -> 0 | H11: =IFERROR(VLOOKUP($A11,FILTRO!$A$10:$AW$11,7,FALSE),0) -> 0 | I11: =IFERROR(VLOOKUP($A11,FILTRO!$A$10:$AW$11,8,FALSE),0) -> 0 | J11: =IFERROR(VLOOKUP($A11,FILTRO!$A$10:$AW$11,9,FALSE),0) -> 0 | K11: =IFERROR(VLOOKUP($A11,FILTRO!$A$10:$AW$11,10,FALSE),0) -> 0 | L11: =IFERROR(VLOOKUP($A11,FILTRO!$A$10:$AW$11,11,FALSE),0) -> 0 | M11: =IFERROR(VLOOKUP($A11,FILTRO!$A$10:$AW$11,12,FALSE),0) -> 0 | N11: =IFERROR(VLOOKUP($A11,FILTRO!$A$10:$AW$11,13,FALSE),0) -> 0 | O11: =IFERROR(VLOOKUP($A11,FILTRO!$A$10:$AW$11,14,FALSE),0) -> 0 | P11: =IFERROR(VLOOKUP($A11,FILTRO!$A$10:$AW$11,15,FALSE),0) -> 0 | Q11: =IFERROR(VLOOKUP($A11,FILTRO!$A$10:$AW$11,16,FALSE),0) -> 0 | R11: =IFERROR(VLOOKUP($A11,FILTRO!$A$10:$AW$11,17,FALSE),0) -> 0 | S11: =IFERROR(VLOOKUP($A11,FILTRO!$A$10:$AW$11,18,FALSE),0) -> 0 | T11: =IFERROR(VLOOKUP($A11,FILTRO!$A$10:$AW$11,19,FALSE),0) -> 0 | U11: =IFERROR(VLOOKUP($A11,FILTRO!$A$10:$AW$11,20,FALSE),0) -> 0 | V11: =IFERROR(VLOOKUP($A11,FILTRO!$A$10:$AW$11,21,FALSE),0) -> 0 | W11: =IFERROR(VLOOKUP($A11,FILTRO!$A$10:$AW$11,22,FALSE),0) -> 0 | X11: =IFERROR(VLOOKUP($A11,FILTRO!$A$10:$AW$11,23,FALSE),0) -> 0 | Y11: =IFERROR(VLOOKUP($A11,FILTRO!$A$10:$AW$11,24,FALSE),0) -> 0 | Z11: =IFERROR(VLOOKUP($A11,FILTRO!$A$10:$AW$11,25,FALSE),0) -> 0 | AA11: =IFERROR(VLOOKUP($A11,FILTRO!$A$10:$AW$11,26,FALSE),0) -> 0 | AB11: =IFERROR(VLOOKUP($A11,FILTRO!$A$10:$AW$11,27,FALSE),0) -> 0 | AC11: =IFERROR(VLOOKUP($A11,FILTRO!$A$10:$AW$11,28,FALSE),0) -> 0 | AD11: =IFERROR(VLOOKUP($A11,FILTRO!$A$10:$AW$11,29,FALSE),0) -> 0 | AE11: =IFERROR(VLOOKUP($A11,FILTRO!$A$10:$AW$11,30,FALSE),0) -> 0 | AF11: =IFERROR(VLOOKUP($A11,FILTRO!$A$10:$AW$11,31,FALSE),0) -> 0 | AG11: =IFERROR(VLOOKUP($A11,FILTRO!$A$10:$AW$11,32,FALSE),0) -> 0 | AH11: =IFERROR(VLOOKUP($A11,FILTRO!$A$10:$AW$11,33,FALSE),0) -> 0 | AI11: =IFERROR(VLOOKUP($A11,FILTRO!$A$10:$AW$11,34,FALSE),0) -> 0 | AJ11: =IFERROR(VLOOKUP($A11,FILTRO!$A$10:$AW$11,35,FALSE),0) -> 0 | AK11: =IFERROR(VLOOKUP($A11,FILTRO!$A$10:$AW$11,36,FALSE),0) -> 0 | AL11: =IFERROR(VLOOKUP($A11,FILTRO!$A$10:$AW$11,37,FALSE),0) -> 0 | AM11: =IFERROR(VLOOKUP($A11,FILTRO!$A$10:$AW$11,38,FALSE),0) -> 0 | AN11: =IFERROR(VLOOKUP($A11,FILTRO!$A$10:$AW$11,39,FALSE),0) -> 0 | AO11: =IFERROR(VLOOKUP($A11,FILTRO!$A$10:$AW$11,40,FALSE),0) -> 0 | AP11: =IFERROR(VLOOKUP($A11,FILTRO!$A$10:$AW$11,41,FALSE),0) -> 0 | AQ11: =IFERROR(VLOOKUP($A11,FILTRO!$A$10:$AW$11,42,FALSE),0) -> 0 | AR11: =IFERROR(VLOOKUP($A11,FILTRO!$A$10:$AW$11,43,FALSE),0) -> 0 | AS11: =IFERROR(VLOOKUP($A11,FILTRO!$A$10:$AW$11,44,FALSE),0) -> 0 | AT11: =IFERROR(VLOOKUP($A11,FILTRO!$A$10:$AW$11,45,FALSE),0) -> 0 | AU11: =IFERROR(VLOOKUP($A11,FILTRO!$A$10:$AW$11,46,FALSE),0) -> 0 | AV11: =IFERROR(VLOOKUP($A11,FILTRO!$A$10:$AW$11,47,FALSE),0) -> 12 | AW11: =IFERROR(VLOOKUP($A11,FILTRO!$A$10:$AW$11,48,FALSE),0) -> 14 | AX11: =IFERROR(VLOOKUP($A11,FILTRO!$A$10:$AW$11,49,FALSE),0) -> 16
A12: 002 | B12: Prestación 002 | C12: =SUM(D12:AX12) -> 25 | D12: =IFERROR(VLOOKUP($A12,FILTRO!$A$10:$AW$11,3,FALSE),0) -> 4 | E12: =IFERROR(VLOOKUP($A12,FILTRO!$A$10:$AW$11,4,FALSE),0) -> 0 | F12: =IFERROR(VLOOKUP($A12,FILTRO!$A$10:$AW$11,5,FALSE),0) -> 0 | G12: =IFERROR(VLOOKUP($A12,FILTRO!$A$10:$AW$11,6,FALSE),0) -> 0 | H12: =IFERROR(VLOOKUP($A12,FILTRO!$A$10:$AW$11,7,FALSE),0) -> 0 | I12: =IFERROR(VLOOKUP($A12,FILTRO!$A$10:$AW$11,8,FALSE),0) -> 0 | J12: =IFERROR(VLOOKUP($A12,FILTRO!$A$10:$AW$11,9,FALSE),0) -> 0 | K12: =IFERROR(VLOOKUP($A12,FILTRO!$A$10:$AW$11,10,FALSE),0) -> 0 | L12: =IFERROR(VLOOKUP($A12,FILTRO!$A$10:$AW$11,11,FALSE),0) -> 0 | M12: =IFERROR(VLOOKUP($A12,FILTRO!$A$10:$AW$11,12,FALSE),0) -> 0 | N12: =IFERROR(VLOOKUP($A12,FILTRO!$A$10:$AW$11,13,FALSE),0) -> 0 | O12: =IFERROR(VLOOKUP($A12,FILTRO!$A$10:$AW$11,14,FALSE),0) -> 0 | P12: =IFERROR(VLOOKUP($A12,FILTRO!$A$10:$AW$11,15,FALSE),0) -> 0 | Q12: =IFERROR(VLOOKUP($A12,FILTRO!$A$10:$AW$11,16,FALSE),0) -> 0 | R12: =IFERROR(VLOOKUP($A12,FILTRO!$A$10:$AW$11,17,FALSE),0) -> 0 | S12: =IFERROR(VLOOKUP($A12,FILTRO!$A$10:$AW$11,18,FALSE),0) -> 0 | T12: =IFERROR(VLOOKUP($A12,FILTRO!$A$10:$AW$11,19,FALSE),0) -> 0 | U12: =IFERROR(VLOOKUP($A12,FILTRO!$A$10:$AW$11,20,FALSE),0) -> 0 | V12: =IFERROR(VLOOKUP($A12,FILTRO!$A$10:$AW$11,21,FALSE),0) -> 0 | W12: =IFERROR(VLOOKUP($A12,FILTRO!$A$10:$AW$11,22,FALSE),0) -> 0 | X12: =IFERROR(VLOOKUP($A12,FILTRO!$A$10:$AW$11,23,FALSE),0) -> 0 | Y12: =IFERROR(VLOOKUP($A12,FILTRO!$A$10:$AW$11,24,FALSE),0) -> 0 | Z12: =IFERROR(VLOOKUP($A12,FILTRO!$A$10:$AW$11,25,FALSE),0) -> 0 | AA12: =IFERROR(VLOOKUP($A12,FILTRO!$A$10:$AW$11,26,FALSE),0) -> 0 | AB12: =IFERROR(VLOOKUP($A12,FILTRO!$A$10:$AW$11,27,FALSE),0) -> 0 | AC12: =IFERROR(VLOOKUP($A12,FILTRO!$A$10:$AW$11,28,FALSE),0) -> 0 | AD12: =IFERROR(VLOOKUP($A12,FILTRO!$A$10:$AW$11,29,FALSE),0) -> 0 | AE12: =IFERROR(VLOOKUP($A12,FILTRO!$A$10:$AW$11,30,FALSE),0) -> 0 | AF12: =IFERROR(VLOOKUP($A12,FILTRO!$A$10:$AW$11,31,FALSE),0) -> 0 | AG12: =IFERROR(VLOOKUP($A12,FILTRO!$A$10:$AW$11,32,FALSE),0) -> 0 | AH12: =IFERROR(VLOOKUP($A12,FILTRO!$A$10:$AW$11,33,FALSE),0) -> 0 | AI12: =IFERROR(VLOOKUP($A12,FILTRO!$A$10:$AW$11,34,FALSE),0) -> 0 | AJ12: =IFERROR(VLOOKUP($A12,FILTRO!$A$10:$AW$11,35,FALSE),0) -> 0 | AK12: =IFERROR(VLOOKUP($A12,FILTRO!$A$10:$AW$11,36,FALSE),0) -> 0 | AL12: =IFERROR(VLOOKUP($A12,FILTRO!$A$10:$AW$11,37,FALSE),0) -> 0 | AM12: =IFERROR(VLOOKUP($A12,FILTRO!$A$10:$AW$11,38,FALSE),0) -> 0 | AN12: =IFERROR(VLOOKUP($A12,FILTRO!$A$10:$AW$11,39,FALSE),0) -> 0 | AO12: =IFERROR(VLOOKUP($A12,FILTRO!$A$10:$AW$11,40,FALSE),0) -> 0 | AP12: =IFERROR(VLOOKUP($A12,FILTRO!$A$10:$AW$11,41,FALSE),0) -> 0 | AQ12: =IFERROR(VLOOKUP($A12,FILTRO!$A$10:$AW$11,42,FALSE),0) -> 0 | AR12: =IFERROR(VLOOKUP($A12,FILTRO!$A$10:$AW$11,43,FALSE),0) -> 0 | AS12: =IFERROR(VLOOKUP($A12,FILTRO!$A$10:$AW$11,44,FALSE),0) -> 0 | AT12: =IFERROR(VLOOKUP($A12,FILTRO!$A$10:$AW$11,45,FALSE),0) -> 0 | AU12: =IFERROR(VLOOKUP($A12,FILTRO!$A$10:$AW$11,46,FALSE),0) -> 0 | AV12: =IFERROR(VLOOKUP($A12,FILTRO!$A$10:$AW$11,47,FALSE),0) -> 6 | AW12: =IFERROR(VLOOKUP($A12,FILTRO!$A$10:$AW$11,48,FALSE),0) -> 7 | AX12: =IFERROR(VLOOKUP($A12,FILTRO!$A$10:$AW$11,49,FALSE),0) -> 8
A13: 003 | B13: Prestación 003 | C13: =SUM(D13:AX13) -> 0 | D13: =IFERROR(VLOOKUP($A13,FILTRO!$A$10:$AW$11,3,FALSE),0) -> 0 | E13: =IFERROR(VLOOKUP($A13,FILTRO!$A$10:$AW$11,4,FALSE),0) -> 0 | F13: =IFERROR(VLOOKUP($A13,FILTRO!$A$10:$AW$11,5,FALSE),0) -> 0 | G13: =IFERROR(VLOOKUP($A13,FILTRO!$A$10:$AW$11,6,FALSE),0) -> 0 | H13: =IFERROR(VLOOKUP($A13,FILTRO!$A$10:$AW$11,7,FALSE),0) -> 0 | I13: =IFERROR(VLOOKUP($A13,FILTRO!$A$10:$AW$11,8,FALSE),0) -> 0 | J13: =IFERROR(VLOOKUP($A13,FILTRO!$A$10:$AW$11,9,FALSE),0) -> 0 | K13: =IFERROR(VLOOKUP($A13,FILTRO!$A$10:$AW$11,10,FALSE),0) -> 0 | L13: =IFERROR(VLOOKUP($A13,FILTRO!$A$10:$AW$11,11,FALSE),0) -> 0 | M13: =IFERROR(VLOOKUP($A13,FILTRO!$A$10:$AW$11,12,FALSE),0) -> 0 | N13: =IFERROR(VLOOKUP($A13,FILTRO!$A$10:$AW$11,13,FALSE),0) -> 0 | O13: =IFERROR(VLOOKUP($A13,FILTRO!$A$10:$AW$11,14,FALSE),0) -> 0 | P13: =IFERROR(VLOOKUP($A13,FILTRO!$A$10:$AW$11,15,FALSE),0) -> 0 | Q13: =IFERROR(VLOOKUP($A13,FILTRO!$A$10:$AW$11,16,FALSE),0) -> 0 | R13: =IFERROR(VLOOKUP($A13,FILTRO!$A$10:$AW$11,17,FALSE),0) -> 0 | S13: =IFERROR(VLOOKUP($A13,FILTRO!$A$10:$AW$11,18,FALSE),0) -> 0 | T13: =IFERROR(VLOOKUP($A13,FILTRO!$A$10:$AW$11,19,FALSE),0) -> 0 | U13: =IFERROR(VLOOKUP($A13,FILTRO!$A$10:$AW$11,20,FALSE),0) -> 0 | V13: =IFERROR(VLOOKUP($A13,FILTRO!$A$10:$AW$11,21,FALSE),0) -> 0 | W13: =IFERROR(VLOOKUP($A13,FILTRO!$A$10:$AW$11,22,FALSE),0) -> 0 | X13: =IFERROR(VLOOKUP($A13,FILTRO!$A$10:$AW$11,23,FALSE),0) -> 0 | Y13: =IFERROR(VLOOKUP($A13,FILTRO!$A$10:$AW$11,24,FALSE),0) -> 0 | Z13: =IFERROR(VLOOKUP($A13,FILTRO!$A$10:$AW$11,25,FALSE),0) -> 0 | AA13: =IFERROR(VLOOKUP($A13,FILTRO!$A$10:$AW$11,26,FALSE),0) -> 0 | AB13: =IFERROR(VLOOKUP($A13,FILTRO!$A$10:$AW$11,27,FALSE),0) -> 0 | AC13: =IFERROR(VLOOKUP($A13,FILTRO!$A$10:$AW$11,28,FALSE),0) -> 0 | AD13: =IFERROR(VLOOKUP($A13,FILTRO!$A$10:$AW$11,29,FALSE),0) -> 0 | AE13: =IFERROR(VLOOKUP($A13,FILTRO!$A$10:$AW$11,30,FALSE),0) -> 0 | AF13: =IFERROR(VLOOKUP($A13,FILTRO!$A$10:$AW$11,31,FALSE),0) -> 0 | AG13: =IFERROR(VLOOKUP($A13,FILTRO!$A$10:$AW$11,32,FALSE),0) -> 0 | AH13: =IFERROR(VLOOKUP($A13,FILTRO!$A$10:$AW$11,33,FALSE),0) -> 0 | AI13: =IFERROR(VLOOKUP($A13,FILTRO!$A$10:$AW$11,34,FALSE),0) -> 0 | AJ13: =IFERROR(VLOOKUP($A13,FILTRO!$A$10:$AW$11,35,FALSE),0) -> 0 | AK13: =IFERROR(VLOOKUP($A13,FILTRO!$A$10:$AW$11,36,FALSE),0) -> 0 | AL13: =IFERROR(VLOOKUP($A13,FILTRO!$A$10:$AW$11,37,FALSE),0) -> 0 | AM13: =IFERROR(VLOOKUP($A13,FILTRO!$A$10:$AW$11,38,FALSE),0) -> 0 | AN13: =IFERROR(VLOOKUP($A13,FILTRO!$A$10:$AW$11,39,FALSE),0) -> 0 | AO13: =IFERROR(VLOOKUP($A13,FILTRO!$A$10:$AW$11,40,FALSE),0) -> 0 | AP13: =IFERROR(VLOOKUP($A13,FILTRO!$A$10:$AW$11,41,FALSE),0) -> 0 | AQ13: =IFERROR(VLOOKUP($A13,FILTRO!$A$10:$AW$11,42,FALSE),0) -> 0 | AR13: =IFERROR(VLOOKUP($A13,FILTRO!$A$10:$AW$11,43,FALSE),0) -> 0 | AS13: =IFERROR(VLOOKUP($A13,FILTRO!$A$10:$AW$11,44,FALSE),0) -> 0 | AT13: =IFERROR(VLOOKUP($A13,FILTRO!$A$10:$AW$11,45,FALSE),0) -> 0 | AU13: =IFERROR(VLOOKUP($A13,FILTRO!$A$10:$AW$11,46,FALSE),0) -> 0 | AV13: =IFERROR(VLOOKUP($A13,FILTRO!$A$10:$AW$11,47,FALSE),0) -> 0 | AW13: =IFERROR(VLOOKUP($A13,FILTRO!$A$10:$AW$11,48,FALSE),0) -> 0 | AX13: =IFERROR(VLOOKUP($A13,FILTRO!$A$10:$AW$11,49,FALSE),0) -> 0

Sheet DATOS
A1: Codigo | B1: Valor01 | C1: Valor02 | D1: Valor03 | E1: Valor04 | F1: Valor05 | G1: Valor06 | H1: Valor07 | I1: Valor08 | J1: Valor09 | K1: Valor10 | L1: Valor11 | M1: Valor12 | N1: Valor13 | O1: Valor14 | P1: Valor15 | Q1: Valor16 | R1: Valor17 | S1: Valor18 | T1: Valor19 | U1: Valor20 | V1: Valor21 | W1: Valor22 | X1: Valor23 | Y1: Valor24 | Z1: Valor25 | AA1: Valor26 | AB1: Valor27 | AC1: Valor28 | AD1: Valor29 | AE1: Valor30 | AF1: Valor31 | AG1: Valor32 | AH1: Valor33 | AI1: Valor34 | AJ1: Valor35 | AK1: Valor36 | AL1: Valor37 | AM1: Valor38 | AN1: Valor39 | AO1: Valor40 | AP1: Valor41 | AQ1: Valor42 | AR1: Valor43 | AS1: Valor44 | AT1: Valor45 | AU1: Valor46 | AV1: Valor47 | AW1: Valor48 | AX1: Establecimiento | AY1: Mes | AZ1: Sector
A2: 001 | B2: 26 | C2: 5 | D2: 0 | E2: 0 | F2: 0 | G2: 0 | H2: 0 | I2: 0 | J2: 0 | K2: 0 | L2: 0 | M2: 0 | N2: 0 | O2: 0 | P2: 0 | Q2: 0 | R2: 0 | S2: 0 | T2: 0 | U2: 0 | V2: 0 | W2: 0 | X2: 0 | Y2: 0 | Z2: 0 | AA2: 0 | AB2: 0 | AC2: 0 | AD2: 0 | AE2: 0 | AF2: 0 | AG2: 0 | AH2: 0 | AI2: 0 | AJ2: 0 | AK2: 0 | AL2: 0 | AM2: 0 | AN2: 0 | AO2: 0 | AP2: 0 | AQ2: 0 | AR2: 0 | AS2: 0 | AT2: 0 | AU2: 6 | AV2: 7 | AW2: 8 | AX2: Uno (000001) | AY2: 01 enero | AZ2: Norte
A3: 001 | B3: 24 | C3: 3 | D3: 0 | E3: 0 | F3: 0 | G3: 0 | H3: 0 | I3: 0 | J3: 0 | K3: 0 | L3: 0 | M3: 0 | N3: 0 | O3: 0 | P3: 0 | Q3: 0 | R3: 0 | S3: 0 | T3: 0 | U3: 0 | V3: 0 | W3: 0 | X3: 0 | Y3: 0 | Z3: 0 | AA3: 0 | AB3: 0 | AC3: 0 | AD3: 0 | AE3: 0 | AF3: 0 | AG3: 0 | AH3: 0 | AI3: 0 | AJ3: 0 | AK3: 0 | AL3: 0 | AM3: 0 | AN3: 0 | AO3: 0 | AP3: 0 | AQ3: 0 | AR3: 0 | AS3: 0 | AT3: 0 | AU3: 6 | AV3: 7 | AW3: 8 | AX3: Dos (000002) | AY3: 02 febrero | AZ3: Sur
A4: 002 | B4: 25 | C4: 4 | D4: 0 | E4: 0 | F4: 0 | G4: 0 | H4: 0 | I4: 0 | J4: 0 | K4: 0 | L4: 0 | M4: 0 | N4: 0 | O4: 0 | P4: 0 | Q4: 0 | R4: 0 | S4: 0 | T4: 0 | U4: 0 | V4: 0 | W4: 0 | X4: 0 | Y4: 0 | Z4: 0 | AA4: 0 | AB4: 0 | AC4: 0 | AD4: 0 | AE4: 0 | AF4: 0 | AG4: 0 | AH4: 0 | AI4: 0 | AJ4: 0 | AK4: 0 | AL4: 0 | AM4: 0 | AN4: 0 | AO4: 0 | AP4: 0 | AQ4: 0 | AR4: 0 | AS4: 0 | AT4: 0 | AU4: 6 | AV4: 7 | AW4: 8 | AX4: Uno (000001) | AY4: 01 enero | AZ4: Norte

Sheet COBERTURA
A1: Cobertura disponible de Serie A 2026
A2: Sin evidencia en la base no significa sin entrega. Los archivos completamente en cero pueden no estar registrados.
A3: Los segmentadores de FILTRO muestran actividad. Esta hoja incluye todos los establecimientos y meses del año.
A6: Código DEIS | B6: Establecimiento | C6: Sector | D6: Mes | E6: Evidencia | F6: Reportes
A7: 000001 | B7: Uno | C7: Norte | D7: 01 enero | E7: Con actividad registrada | F7: 10
A8: 000001 | B8: Uno | C8: Norte | D8: 02 febrero | E8: Reporte con valores cero registrados | F8: 12
A9: 000001 | B9: Uno | C9: Norte | D9: 03 marzo | E9: Sin evidencia en la base
A10: 000001 | B10: Uno | C10: Norte | D10: 04 abril | E10: Sin evidencia en la base
A11: 000001 | B11: Uno | C11: Norte | D11: 05 mayo | E11: Sin evidencia en la base
A12: 000001 | B12: Uno | C12: Norte | D12: 06 junio | E12: Sin evidencia en la base
A13: 000001 | B13: Uno | C13: Norte | D13: 07 julio | E13: Sin evidencia en la base
A14: 000001 | B14: Uno | C14: Norte | D14: 08 agosto | E14: Sin evidencia en la base
A15: 000001 | B15: Uno | C15: Norte | D15: 09 septiembre | E15: Sin evidencia en la base
A16: 000001 | B16: Uno | C16: Norte | D16: 10 octubre | E16: Sin evidencia en la base
A17: 000001 | B17: Uno | C17: Norte | D17: 11 noviembre | E17: Sin evidencia en la base
A18: 000001 | B18: Uno | C18: Norte | D18: 12 diciembre | E18: Sin evidencia en la base
A19: 000002 | B19: Dos | C19: Sur | D19: 01 enero | E19: Sin evidencia en la base
A20: 000002 | B20: Dos | C20: Sur | D20: 02 febrero | E20: Con actividad registrada | F20: 11
A21: 000002 | B21: Dos | C21: Sur | D21: 03 marzo | E21: Sin evidencia en la base
A22: 000002 | B22: Dos | C22: Sur | D22: 04 abril | E22: Sin evidencia en la base
A23: 000002 | B23: Dos | C23: Sur | D23: 05 mayo | E23: Sin evidencia en la base
A24: 000002 | B24: Dos | C24: Sur | D24: 06 junio | E24: Sin evidencia en la base
A25: 000002 | B25: Dos | C25: Sur | D25: 07 julio | E25: Sin evidencia en la base
A26: 000002 | B26: Dos | C26: Sur | D26: 08 agosto | E26: Sin evidencia en la base
A27: 000002 | B27: Dos | C27: Sur | D27: 09 septiembre | E27: Sin evidencia en la base
A28: 000002 | B28: Dos | C28: Sur | D28: 10 octubre | E28: Sin evidencia en la base
A29: 000002 | B29: Dos | C29: Sur | D29: 11 noviembre | E29: Sin evidencia en la base
A30: 000002 | B30: Dos | C30: Sur | D30: 12 diciembre | E30: Sin evidencia en la base
A31: 000003 | B31: Sin reporte | C31: Sur | D31: 01 enero | E31: Sin evidencia en la base
A32: 000003 | B32: Sin reporte | C32: Sur | D32: 02 febrero | E32: Sin evidencia en la base
... A42: 000003 | B42: Sin reporte | C42: Sur | D42: 12 diciembre | E42: Sin evidencia en la base
