Workbook

Sheet FILTRO
B8: 1 | C8: 2 | D8: 3 | E8: 4 | F8: 5 | G8: 6 | H8: 7 | I8: 8 | J8: 9 | K8: 10 | L8: 11 | M8: 12 | N8: 13 | O8: 14 | P8: 15 | Q8: 16 | R8: 17 | S8: 18 | T8: 19 | U8: 20 | V8: 21 | W8: 22 | X8: 23 | Y8: 24 | Z8: 25 | AA8: 26 | AB8: 27 | AC8: 28 | AD8: 29 | AE8: 30 | AF8: 31 | AG8: 32 | AH8: 33 | AI8: 34 | AJ8: 35 | AK8: 36 | AL8: 37 | AM8: 38 | AN8: 39 | AO8: 40 | AP8: 41 | AQ8: 42 | AR8: 43 | AS8: 44 | AT8: 45 | AU8: 46 | AV8: 47 | AW8: 48

Sheet A01
A11: 001 | B11: Prestación 001 | C11: =SUM(D11:AX11) | D11: =IFERROR(VLOOKUP($A11,FILTRO!$A$9:$AW$9999,FILTRO!C$8+1,FALSE),0) | E11: =IFERROR(VLOOKUP($A11,FILTRO!$A$9:$AW$9999,FILTRO!D$8+1,FALSE),0) | F11: =IFERROR(VLOOKUP($A11,FILTRO!$A$9:$AW$9999,FILTRO!E$8+1,FALSE),0) | G11: =IFERROR(VLOOKUP($A11,FILTRO!$A$9:$AW$9999,FILTRO!F$8+1,FALSE),0) | H11: =IFERROR(VLOOKUP($A11,FILTRO!$A$9:$AW$9999,FILTRO!G$8+1,FALSE),0) | I11: =IFERROR(VLOOKUP($A11,FILTRO!$A$9:$AW$9999,FILTRO!H$8+1,FALSE),0) | J11: =IFERROR(VLOOKUP($A11,FILTRO!$A$9:$AW$9999,FILTRO!I$8+1,FALSE),0) | K11: =IFERROR(VLOOKUP($A11,FILTRO!$A$9:$AW$9999,FILTRO!J$8+1,FALSE),0) | ... AX11: =IFERROR(VLOOKUP($A11,FILTRO!$A$9:$AW$9999,FILTRO!AW$8+1,FALSE),0)
A12: 002 | B12: Prestación 002 | C12: =SUM(D12:AX12) | D12: =IFERROR(VLOOKUP($A12,FILTRO!$A$9:$AW$9999,FILTRO!C$8+1,FALSE),0) | E12: =IFERROR(VLOOKUP($A12,FILTRO!$A$9:$AW$9999,FILTRO!D$8+1,FALSE),0) | F12: =IFERROR(VLOOKUP($A12,FILTRO!$A$9:$AW$9999,FILTRO!E$8+1,FALSE),0) | G12: =IFERROR(VLOOKUP($A12,FILTRO!$A$9:$AW$9999,FILTRO!F$8+1,FALSE),0) | H12: =IFERROR(VLOOKUP($A12,FILTRO!$A$9:$AW$9999,FILTRO!G$8+1,FALSE),0) | I12: =IFERROR(VLOOKUP($A12,FILTRO!$A$9:$AW$9999,FILTRO!H$8+1,FALSE),0) | J12: =IFERROR(VLOOKUP($A12,FILTRO!$A$9:$AW$9999,FILTRO!I$8+1,FALSE),0) | K12: =IFERROR(VLOOKUP($A12,FILTRO!$A$9:$AW$9999,FILTRO!J$8+1,FALSE),0) | ... AX12: =IFERROR(VLOOKUP($A12,FILTRO!$A$9:$AW$9999,FILTRO!AW$8+1,FALSE),0)
A13: 003 | B13: Prestación 003 | C13: =SUM(D13:AX13) | D13: =IFERROR(VLOOKUP($A13,FILTRO!$A$9:$AW$9999,FILTRO!C$8+1,FALSE),0) | E13: =IFERROR(VLOOKUP($A13,FILTRO!$A$9:$AW$9999,FILTRO!D$8+1,FALSE),0) | F13: =IFERROR(VLOOKUP($A13,FILTRO!$A$9:$AW$9999,FILTRO!E$8+1,FALSE),0) | G13: =IFERROR(VLOOKUP($A13,FILTRO!$A$9:$AW$9999,FILTRO!F$8+1,FALSE),0) | H13: =IFERROR(VLOOKUP($A13,FILTRO!$A$9:$AW$9999,FILTRO!G$8+1,FALSE),0) | I13: =IFERROR(VLOOKUP($A13,FILTRO!$A$9:$AW$9999,FILTRO!H$8+1,FALSE),0) | J13: =IFERROR(VLOOKUP($A13,FILTRO!$A$9:$AW$9999,FILTRO!I$8+1,FALSE),0) | K13: =IFERROR(VLOOKUP($A13,FILTRO!$A$9:$AW$9999,FILTRO!J$8+1,FALSE),0) | ... AX13: =IFERROR(VLOOKUP($A13,FILTRO!$A$9:$AW$9999,FILTRO!AW$8+1,FALSE),0)
